row_idx,align,l,modal,epoch_type,hr,config,m,step_size,kernel_size_h1,kernel_size_w1,kernel_shape1,num_kernel1,pool_size_h1,pool_size_w1,dropout1,row_idx_L1,kernel_size_h2,kernel_size_w2,kernel_shape2,num_kernel2,pool_size_h2,pool_size_w2,dropout2,fcl_size,optimizer,learning_rate,batch_size,num_epoch,config_align_L2,val_accuracy,val_recall,val_precision,val_AUC,compute_cost,criteria
326,3,14,"hourofday,age,sex,acc,temp,eda",1min,FALSE,102,60,2,3,5,wide rec,16,4,5,0.5,2,3,1,long rec,16,1,2,0.5,16,adam,0.01,100,150,66,0.9273223876953125,0.8703210234642029,0.9005792260169982,0.9723696708679199,72.19631953239441,val_AUC
1796,2,14,"hourofday,age,sex,acc,eda,temp",1min,FALSE,119,75,2,1,5,wide rec,16,4,3,0.5,8,3,3,square,16,2,2,0.5,16,adam,0.01,100,150,360,0.9217664241790772,0.8716333866119385,0.8883443117141724,0.9699597597122193,71.87367691993714,val_AUC
1316,1,14,"hourofday,age,sex,eda,acc,temp",1min,FALSE,123,75,2,1,3,wide rec,16,5,3,0.5,6,3,3,square,16,2,2,0.5,16,adam,0.01,100,150,264,0.9359248995780944,0.885768187046051,0.9154082059860229,0.9691284656524658,66.21668725013733,val_AUC
3226,4,14,"hourofday,age,sex,temp,acc,eda",1min,FALSE,117,75,2,1,3,wide rec,16,4,3,0.5,14,3,1,long rec,16,2,2,0.5,16,adam,0.01,100,150,646,0.9143672585487366,0.8370465397834778,0.8945196866989136,0.9687230825424195,50.37650089263916,val_AUC
3466,5,14,"hourofday,age,sex,temp,acc,eda",1min,FALSE,117,75,2,1,3,wide rec,16,4,3,0.5,15,3,1,long rec,16,2,2,0.5,16,adam,0.01,100,150,694,0.9143672585487366,0.8370465397834778,0.8945196866989136,0.9687230825424195,50.24017992019653,val_AUC
5866,5,19,"hourofday,age,sex,hr,acc,eda,temp",1min,TRUE,124,75,2,3,3,square,16,5,3,0.5,27,3,1,long rec,16,2,2,0.5,16,adam,0.01,100,150,310,0.9317652463912964,0.8670845031738281,0.9153009176254272,0.9744688034057617,69.56135210990905,val_AUC
4426,3,19,"hourofday,age,sex,acc,hr,eda,temp",1min,TRUE,29,45,2,1,5,wide rec,16,4,4,0.5,21,3,1,long rec,16,2,2,0.5,16,adam,0.01,100,150,22,0.9296854853630065,0.8742716908454895,0.9008454442024231,0.9709201455116272,49.664688682556154,val_AUC
6101,4,19,"hourofday,age,sex,temp,hr,acc,eda",1min,TRUE,115,75,2,1,1,square,16,4,3,0.5,28,1,1,square,16,2,2,0.5,16,adam,0.01,100,150,357,0.9301713466644287,0.8631284952163696,0.9123384475708007,0.9706136226654053,44.550999546051024,val_AUC
7306,1,19,"hourofday,age,sex,eda,acc,temp,hr",1min,TRUE,125,75,2,1,5,wide rec,16,5,3,0.5,33,3,1,long rec,16,2,2,0.5,16,adam,0.01,100,150,598,0.9224294185638428,0.8946126818656921,0.8694040536880493,0.9695641756057739,81.33359136581421,val_AUC
5146,2,19,"hourofday,age,sex,temp,acc,eda,hr",1min,TRUE,41,45,2,1,5,wide rec,16,3,5,0.5,24,3,1,long rec,16,2,2,0.5,16,adam,0.01,100,150,166,0.9268325448036194,0.8397646188735962,0.9256400108337403,0.9661074280738831,47.8289379119873,val_AUC
8726,1,14,"hourofday,age,sex,eda,acc,temp",30s,FALSE,155,75,2,1,5,wide rec,16,4,5,0.5,39,3,1,long rec,16,1,2,0.5,16,adam,0.01,100,150,18,0.925155508518219,0.8788756132125854,0.8844204187393189,0.9709832668304443,137.06965193748474,val_AUC
8986,2,14,"hourofday,age,sex,acc,eda,temp",30s,FALSE,162,75,2,3,5,wide rec,16,5,5,0.5,40,3,1,long rec,16,2,2,0.5,16,adam,0.01,100,150,70,0.8986219167709351,0.8982276082038879,0.8125198483467102,0.9673110365867614,94.98046727180481,val_AUC
10666,4,14,"hourofday,age,sex,temp,acc,eda",30s,FALSE,119,75,2,1,5,wide rec,16,4,3,0.5,47,3,1,long rec,16,2,2,0.5,16,adam,0.01,100,150,406,0.9146597385406494,0.8732143402099609,0.8634803414344787,0.9670772075653076,102.5205762386322,val_AUC
10906,5,14,"hourofday,age,sex,temp,acc,eda",30s,FALSE,119,75,2,1,5,wide rec,16,4,3,0.5,48,3,1,long rec,16,2,2,0.5,16,adam,0.01,100,150,454,0.9146597385406494,0.8732143402099609,0.8634803414344787,0.9670772075653076,104.69657158851624,val_AUC
9206,3,14,"hourofday,age,sex,acc,temp,eda",30s,FALSE,47,45,2,1,5,wide rec,16,4,5,0.5,41,3,1,long rec,16,1,2,0.5,16,adam,0.01,100,150,114,0.9065697431564331,0.8700072407722473,0.8527191877365112,0.9653876304626465,70.55808367729188,val_AUC
14506,5,19,"hourofday,age,sex,hr,acc,eda,temp",30s,TRUE,162,75,2,3,5,wide rec,16,5,5,0.5,65,3,1,long rec,16,2,2,0.5,16,adam,0.01,100,150,310,0.9251589298248291,0.8511917233467102,0.9074945449829102,0.9695066809654236,156.8636950969696,val_AUC
13286,1,19,"hourofday,age,sex,eda,acc,temp,hr",30s,TRUE,69,60,2,1,3,wide rec,16,5,3,0.5,60,3,1,long rec,16,1,2,0.5,16,adam,0.01,100,150,66,0.919001579284668,0.8984193086624146,0.8592791080474853,0.9668256640434265,157.27015352249146,val_AUC
14026,3,19,"hourofday,age,sex,acc,hr,eda,temp",30s,TRUE,99,60,2,1,3,wide rec,16,4,5,0.5,63,3,1,long rec,16,2,2,0.5,16,adam,0.01,100,150,214,0.9239553451538086,0.8889371871948242,0.8778833150863647,0.9658070564270019,116.10334906578063,val_AUC
13551,4,19,"hourofday,age,sex,temp,hr,acc,eda",30s,TRUE,34,45,2,3,3,square,16,5,4,0.5,61,1,3,wide rec,16,2,2,0.5,16,adam,0.01,100,150,119,0.9103276610374451,0.8734727740287781,0.8479628205299378,0.9655552268028259,90.65890274047851,val_AUC
16186,2,19,"hourofday,age,sex,temp,acc,eda,hr",30s,TRUE,41,45,2,1,5,wide rec,16,3,5,0.5,72,3,1,long rec,16,2,2,0.5,16,adam,0.01,100,150,646,0.9202053070068359,0.8592785477638245,0.8880372643470764,0.9623657941818238,119.67824883460999,val_AUC
21446,1,14,"hourofday,age,sex,eda,acc,temp",5min,FALSE,78,18,2,3,5,wide rec,16,3,3,0.5,95,3,1,long rec,16,1,2,0.5,16,adam,0.01,100,150,834,0.9316139936447143,0.8831595301628112,0.9057526230812073,0.9740278363227844,14.953957176208496,val_AUC
19996,3,14,"hourofday,age,sex,acc,temp,eda",5min,FALSE,82,18,2,3,3,square,16,4,3,0.5,89,3,3,square,16,2,1,0.5,16,adam,0.01,100,150,544,0.9207841515541076,0.8742779970169068,0.8832074999809265,0.9727313876152038,13.225993347167968,val_AUC
17846,2,14,"hourofday,age,sex,acc,eda,temp",5min,FALSE,76,18,2,3,3,square,16,3,3,0.5,80,3,1,long rec,16,1,2,0.5,16,adam,0.01,100,150,114,0.9244677782058716,0.884756338596344,0.8855285167694091,0.9700790762901306,10.84911913871765,val_AUC
18066,4,14,"hourofday,age,sex,temp,acc,eda",5min,FALSE,52,15,2,3,3,square,16,3,4,0.5,81,3,1,long rec,16,2,1,0.5,16,adam,0.01,100,150,158,0.918398642539978,0.847487211227417,0.8950557351112366,0.9666985869407654,15.03665051460266,val_AUC
18306,5,14,"hourofday,age,sex,temp,acc,eda",5min,FALSE,52,15,2,3,3,square,16,3,4,0.5,82,3,1,long rec,16,2,1,0.5,16,adam,0.01,100,150,206,0.918398642539978,0.847487211227417,0.8950557351112366,0.9666985869407654,15.017306280136108,val_AUC
21666,5,19,"hourofday,age,sex,hr,acc,eda,temp",5min,TRUE,90,18,2,3,5,wide rec,16,5,3,0.5,97,3,1,long rec,16,2,1,0.5,16,adam,0.01,100,150,14,0.928869879245758,0.8684742212295532,0.9109843254089356,0.9727174639701843,9.908172655105592,val_AUC
25006,1,19,"hourofday,age,sex,eda,acc,temp,hr",5min,TRUE,3,12,2,1,3,wide rec,16,3,3,0.5,111,3,1,long rec,16,2,2,0,16,adam,0.01,100,150,682,0.9290207028388977,0.8814606308937073,0.896585202217102,0.9716984272003174,8.87852053642273,val_AUC
24786,4,19,"hourofday,age,sex,temp,hr,acc,eda",5min,TRUE,1,12,2,1,1,square,16,3,3,0.5,110,3,1,long rec,16,2,1,0.5,16,adam,0.01,100,150,638,0.9263625741004944,0.877749764919281,0.8928958058357239,0.9711989879608154,8.537514972686768,val_AUC
23136,3,19,"hourofday,age,sex,acc,hr,eda,temp",5min,TRUE,24,12,2,3,3,square,16,5,4,0.5,103,3,3,square,16,1,2,0.5,16,adam,0.01,100,150,308,0.9230568051338196,0.8462252736091613,0.9161021113395691,0.9699970245361328,10.10971975326538,val_AUC
22336,2,19,"hourofday,age,sex,temp,acc,eda,hr",5min,TRUE,113,18,2,1,5,wide rec,16,3,5,0.5,100,3,3,square,16,2,1,0,16,adam,0.01,100,150,148,0.9326483964920044,0.8635034203529358,0.9267138719558716,0.9683594584465027,11.119752073287964,val_AUC
1316,1,14,"hourofday,age,sex,eda,acc,temp",1min,FALSE,123,75,2,1,3,wide rec,16,5,3,0.5,6,3,3,square,16,2,2,0.5,16,adam,0.01,100,150,264,0.9359248995780944,0.885768187046051,0.9154082059860229,0.9691284656524658,66.21668725013733,val_accuracy
1736,2,14,"hourofday,age,sex,acc,eda,temp",1min,FALSE,119,75,2,1,5,wide rec,16,4,3,0.5,8,3,3,square,16,2,2,0,16,adam,0.01,100,150,348,0.9278550624847413,0.8947418570518494,0.8873356103897094,0.9662806272506714,73.02158308029175,val_accuracy
326,3,14,"hourofday,age,sex,acc,temp,eda",1min,FALSE,102,60,2,3,5,wide rec,16,4,5,0.5,2,3,1,long rec,16,1,2,0.5,16,adam,0.01,100,150,66,0.9273223876953125,0.8703210234642029,0.9005792260169982,0.9723696708679199,72.19631953239441,val_accuracy
806,4,14,"hourofday,age,sex,temp,acc,eda",1min,FALSE,148,75,2,3,3,square,16,3,5,0.5,4,3,1,long rec,16,1,2,0.5,16,adam,0.01,100,150,162,0.9241029977798462,0.8677401900291443,0.8943909049034119,0.9667766451835632,74.61545639038086,val_accuracy
1046,5,14,"hourofday,age,sex,temp,acc,eda",1min,FALSE,148,75,2,3,3,square,16,3,5,0.5,5,3,1,long rec,16,1,2,0.5,16,adam,0.01,100,150,210,0.9241029977798462,0.8677401900291443,0.8943909049034119,0.9667766451835632,74.92671570777892,val_accuracy
6061,4,19,"hourofday,age,sex,temp,hr,acc,eda",1min,TRUE,115,75,2,1,1,square,16,4,3,0.5,28,1,1,square,16,2,1,0.5,16,adam,0.01,100,150,349,0.9372488498687744,0.8616772770881653,0.9334395170211792,0.9703143835067749,60.95522828102112,val_accuracy
5636,3,19,"hourofday,age,sex,acc,hr,eda,temp",1min,TRUE,101,60,2,1,5,wide rec,16,4,5,0.5,26,3,3,square,16,2,2,0.5,16,adam,0.01,100,150,264,0.9362909674644471,0.8774559736251831,0.9183667182922364,0.9672325372695922,52.9391010761261,val_accuracy
5826,5,19,"hourofday,age,sex,hr,acc,eda,temp",1min,TRUE,124,75,2,3,3,square,16,5,3,0.5,27,3,1,long rec,16,2,1,0.5,16,adam,0.01,100,150,302,0.9340169787406921,0.8925984501838684,0.8989714980125427,0.9743059992790222,54.09496335983276,val_accuracy
7281,1,19,"hourofday,age,sex,eda,acc,temp,hr",1min,TRUE,125,75,2,1,5,wide rec,16,5,3,0.5,33,1,1,square,16,1,2,0.5,16,adam,0.01,100,150,593,0.9335663676261902,0.8566547274589539,0.9272666215896607,0.9669171690940856,85.74331674575805,val_accuracy
5146,2,19,"hourofday,age,sex,temp,acc,eda,hr",1min,TRUE,41,45,2,1,5,wide rec,16,3,5,0.5,24,3,1,long rec,16,2,2,0.5,16,adam,0.01,100,150,166,0.9268325448036194,0.8397646188735962,0.9256400108337403,0.9661074280738831,47.8289379119873,val_accuracy
9946,1,14,"hourofday,age,sex,eda,acc,temp",30s,FALSE,123,75,2,1,3,wide rec,16,5,3,0.5,44,3,1,long rec,16,2,2,0.5,16,adam,0.01,100,150,262,0.9284421682357789,0.8778502106666565,0.8980947494506836,0.9701509356498719,127.53716020584106,val_accuracy
11591,2,14,"hourofday,age,sex,acc,eda,temp",30s,FALSE,138,75,2,3,5,wide rec,16,4,4,0.5,51,1,3,wide rec,16,2,1,0.5,16,adam,0.01,100,150,591,0.9174448370933532,0.8436680793762207,0.8920023679733277,0.9503703713417053,151.10968699455262,val_accuracy
10656,4,14,"hourofday,age,sex,temp,acc,eda",30s,FALSE,119,75,2,1,5,wide rec,16,4,3,0.5,47,3,3,square,16,1,2,0.5,16,adam,0.01,100,150,404,0.9170396089553833,0.8673326015472412,0.8737176775932312,0.9601242661476135,138.95497221946715,val_accuracy
10896,5,14,"hourofday,age,sex,temp,acc,eda",30s,FALSE,119,75,2,1,5,wide rec,16,4,3,0.5,48,3,3,square,16,1,2,0.5,16,adam,0.01,100,150,452,0.9170396089553833,0.8673326015472412,0.8737176775932312,0.9601242661476135,141.81775879859924,val_accuracy
9151,3,14,"hourofday,age,sex,acc,temp,eda",30s,FALSE,47,45,2,1,5,wide rec,16,4,5,0.5,41,1,3,wide rec,16,1,2,0,16,adam,0.01,100,150,103,0.9094687700271606,0.8535754680633545,0.8644694566726685,0.961866843700409,61.81322841644287,val_accuracy
15711,5,19,"hourofday,age,sex,hr,acc,eda,temp",30s,TRUE,3,45,2,1,3,wide rec,16,3,3,0.5,70,1,3,wide rec,16,2,2,0.5,16,adam,0.01,100,150,551,0.9344560623168945,0.8674864768981934,0.91939617395401,0.968861711025238,133.84333529472352,val_accuracy
14971,3,19,"hourofday,age,sex,acc,hr,eda,temp",30s,TRUE,113,75,2,1,5,wide rec,16,3,3,0.5,67,1,3,wide rec,16,1,2,0.5,16,adam,0.01,100,150,403,0.9266745209693908,0.8438988924026489,0.9193631649017334,0.9555016160011292,117.24284768104553,val_accuracy
15911,4,19,"hourofday,age,sex,temp,hr,acc,eda",30s,TRUE,57,60,2,1,3,wide rec,16,3,3,0.5,71,1,3,wide rec,16,2,1,0.5,16,adam,0.01,100,150,591,0.9263559579849243,0.8646874070167542,0.8990891933441162,0.9644019126892089,96.33789024353027,val_accuracy
14726,1,19,"hourofday,age,sex,eda,acc,temp,hr",30s,TRUE,88,60,2,3,3,square,16,5,4,0.5,66,3,1,long rec,16,1,2,0.5,16,adam,0.01,100,150,354,0.9240031361579895,0.8955885529518127,0.8688210368156433,0.9636598944664001,109.3605875492096,val_accuracy
13791,2,19,"hourofday,age,sex,temp,acc,eda,hr",30s,TRUE,136,75,2,3,3,square,16,4,4,0.5,62,1,3,wide rec,16,2,2,0.5,16,adam,0.01,100,150,167,0.9222067832946778,0.8762252330780029,0.8806301236152649,0.9619021058082581,100.63384122848511,val_accuracy
21381,1,14,"hourofday,age,sex,eda,acc,temp",5min,FALSE,78,18,2,3,5,wide rec,16,3,3,0.5,95,1,1,square,16,1,2,0,16,adam,0.01,100,150,821,0.9316828489303589,0.8799467086791992,0.9090057134628295,0.970350182056427,11.030288648605346,val_accuracy
17856,2,14,"hourofday,age,sex,acc,eda,temp",5min,FALSE,76,18,2,3,3,square,16,3,3,0.5,80,3,3,square,16,1,2,0.5,16,adam,0.01,100,150,116,0.928659200668335,0.8709110736846923,0.911279559135437,0.9682930111885071,9.85176215171814,val_accuracy
18501,3,14,"hourofday,age,sex,acc,temp,eda",5min,FALSE,76,18,2,3,3,square,16,3,3,0.5,83,1,1,square,16,1,2,0,16,adam,0.01,100,150,245,0.9275922060012818,0.8503608345985413,0.9222527027130127,0.9686954259872437,9.987743186950684,val_accuracy
19266,4,14,"hourofday,age,sex,temp,acc,eda",5min,FALSE,111,18,2,1,3,wide rec,16,3,5,0.5,86,3,1,long rec,16,2,1,0.5,16,adam,0.01,100,150,398,0.9246899127960205,0.8561550974845886,0.9116865038871765,0.9610275506973267,13.238393592834473,val_accuracy
19506,5,14,"hourofday,age,sex,temp,acc,eda",5min,FALSE,111,18,2,1,3,wide rec,16,3,5,0.5,87,3,1,long rec,16,2,1,0.5,16,adam,0.01,100,150,446,0.9246899127960205,0.8561550974845886,0.9116865038871765,0.9610275506973267,13.742102718353271,val_accuracy
23876,2,19,"hourofday,age,sex,temp,acc,eda,hr",5min,TRUE,37,15,2,1,1,square,16,3,3,0.5,106,3,3,square,16,2,2,0.5,16,adam,0.01,100,150,456,0.9380608797073364,0.8766559481620788,0.9277565598487854,0.9656556844711304,10.976821660995483,val_accuracy
22856,5,19,"hourofday,age,sex,hr,acc,eda,temp",5min,TRUE,37,15,2,1,1,square,16,3,3,0.5,102,3,3,square,16,2,2,0,16,adam,0.01,100,150,252,0.9376032471656799,0.8683361768722534,0.933981966972351,0.9602739572525024,10.848411464691162,val_accuracy
24336,3,19,"hourofday,age,sex,acc,hr,eda,temp",5min,TRUE,73,18,2,1,1,square,16,3,3,0.5,108,3,3,square,16,1,2,0.5,16,adam,0.01,100,150,548,0.9360841631889343,0.8665322303771973,0.9326345801353455,0.9624709129333496,10.716091442108155,val_accuracy
22631,4,19,"hourofday,age,sex,temp,hr,acc,eda",5min,TRUE,96,18,2,3,5,wide rec,16,3,4,0.5,101,1,3,wide rec,16,2,1,0.5,16,adam,0.01,100,150,207,0.9344825506210327,0.862619948387146,0.9342290997505188,0.9641115188598632,12.450391721725463,val_accuracy
25016,1,19,"hourofday,age,sex,eda,acc,temp,hr",5min,TRUE,3,12,2,1,3,wide rec,16,3,3,0.5,111,3,3,square,16,2,2,0,16,adam,0.01,100,150,684,0.933202600479126,0.8779614090919494,0.9120057463645935,0.9697865962982177,10.799023818969726,val_accuracy
3941,4,14,"hourofday,age,sex,temp,acc,eda",1min,FALSE,120,75,2,3,5,wide rec,16,4,3,0.5,17,1,1,square,16,2,2,0.5,16,adam,0.01,100,150,789,0.917538583278656,0.9066575050354004,0.8523454308509827,0.9652380228042603,71.79457507133483,val_recall
4181,5,14,"hourofday,age,sex,temp,acc,eda",1min,FALSE,120,75,2,3,5,wide rec,16,4,3,0.5,18,1,1,square,16,2,2,0.5,16,adam,0.01,100,150,837,0.917538583278656,0.9066575050354004,0.8523454308509827,0.9652380228042603,69.00471568107605,val_recall
2756,2,14,"hourofday,age,sex,acc,eda,temp",1min,FALSE,60,60,2,3,5,wide rec,16,3,3,0.5,12,3,3,square,16,2,2,0.5,16,adam,0.01,100,150,552,0.8934958219528198,0.9046347737312317,0.8080105543136596,0.9465101957321167,56.91013250350952,val_recall
1286,1,14,"hourofday,age,sex,eda,acc,temp",1min,FALSE,123,75,2,1,3,wide rec,16,5,3,0.5,6,3,1,long rec,16,1,2,0.5,16,adam,0.01,100,150,258,0.9326892018318176,0.8990255117416381,0.8956779479980469,0.9685761570930481,64.96104383468628,val_recall
2976,3,14,"hourofday,age,sex,acc,temp,eda",1min,FALSE,18,45,2,3,5,wide rec,16,5,3,0.5,13,3,3,square,16,1,2,0.5,16,adam,0.01,100,150,596,0.8796314358711242,0.8957185745239258,0.7714221119880676,0.9531152844429016,59.3559024810791,val_recall
6786,3,19,"hourofday,age,sex,acc,hr,eda,temp",1min,TRUE,123,75,2,1,3,wide rec,16,5,3,0.5,31,3,1,long rec,16,2,1,0.5,16,adam,0.01,100,150,494,0.899077582359314,0.9117200136184692,0.8186234712600708,0.9576282501220703,53.84466180801392,val_recall
4906,1,19,"hourofday,age,sex,eda,acc,temp,hr",1min,TRUE,107,60,2,1,5,wide rec,16,5,5,0.5,23,3,1,long rec,16,2,2,0.5,16,adam,0.01,100,150,118,0.9130370259284973,0.9067384719848632,0.8368476033210754,0.9669214010238647,89.75499286651612,val_recall
5826,5,19,"hourofday,age,sex,hr,acc,eda,temp",1min,TRUE,124,75,2,3,3,square,16,5,3,0.5,27,3,1,long rec,16,2,1,0.5,16,adam,0.01,100,150,302,0.9340169787406921,0.8925984501838684,0.8989714980125427,0.9743059992790222,54.09496335983276,val_recall
6111,4,19,"hourofday,age,sex,temp,hr,acc,eda",1min,TRUE,115,75,2,1,1,square,16,4,3,0.5,28,1,3,wide rec,16,2,2,0.5,16,adam,0.01,100,150,359,0.9312838792800904,0.8911053776741028,0.8926638603210449,0.9682105898857116,46.20155882835388,val_recall
6536,2,19,"hourofday,age,sex,temp,acc,eda,hr",1min,TRUE,39,45,2,1,3,wide rec,16,3,5,0.5,30,3,3,square,16,2,2,0,16,adam,0.01,100,150,444,0.9027650117874145,0.8855748891830444,0.8343535780906677,0.9590405464172364,51.246543645858765,val_recall
11626,2,14,"hourofday,age,sex,acc,eda,temp",30s,FALSE,138,75,2,3,5,wide rec,16,4,4,0.5,51,3,1,long rec,16,2,2,0.5,16,adam,0.01,100,150,598,0.8697458863258362,0.9126434922218323,0.7781141042709351,0.960028100013733,120.63813996315002,val_recall
9956,1,14,"hourofday,age,sex,eda,acc,temp",30s,FALSE,123,75,2,1,3,wide rec,16,5,3,0.5,44,3,3,square,16,2,2,0.5,16,adam,0.01,100,150,264,0.9279579877853393,0.9033849477767945,0.8762410759925843,0.9669233441352845,134.4670557975769,val_recall
11346,3,14,"hourofday,age,sex,acc,temp,eda",30s,FALSE,100,60,2,3,3,square,16,4,5,0.5,50,3,1,long rec,16,2,1,0.5,16,adam,0.01,100,150,542,0.8734979391098022,0.897165584564209,0.7757288932800293,0.9346145033836365,105.29492893218995,val_recall
10676,4,14,"hourofday,age,sex,temp,acc,eda",30s,FALSE,119,75,2,1,5,wide rec,16,4,3,0.5,47,3,3,square,16,2,2,0.5,16,adam,0.01,100,150,408,0.8942290306091308,0.8741372704505921,0.8234378218650817,0.9513925790786744,105.67387580871582,val_recall
10916,5,14,"hourofday,age,sex,temp,acc,eda",30s,FALSE,119,75,2,1,5,wide rec,16,4,3,0.5,48,3,3,square,16,2,2,0.5,16,adam,0.01,100,150,456,0.8942290306091308,0.8741372704505921,0.8234378218650817,0.9513925790786744,108.29219889640808,val_recall
14741,1,19,"hourofday,age,sex,eda,acc,temp,hr",30s,TRUE,88,60,2,3,3,square,16,5,4,0.5,66,1,1,square,16,2,2,0.5,16,adam,0.01,100,150,357,0.8856820583343505,0.9198676347732544,0.7770465970039367,0.958284592628479,103.95574903488159,val_recall
15186,3,19,"hourofday,age,sex,acc,hr,eda,temp",30s,TRUE,119,75,2,1,5,wide rec,16,4,3,0.5,68,3,1,long rec,16,2,1,0.5,16,adam,0.01,100,150,446,0.9117558479309082,0.9189667940139771,0.8296547651290893,0.9632329106330871,102.36389183998108,val_recall
13796,2,19,"hourofday,age,sex,temp,acc,eda,hr",30s,TRUE,136,75,2,3,3,square,16,4,4,0.5,62,3,3,square,16,2,2,0.5,16,adam,0.01,100,150,168,0.8981201529502869,0.8958673238754272,0.8156088590621948,0.9516874432563782,147.47609066963196,val_recall
15706,5,19,"hourofday,age,sex,hr,acc,eda,temp",30s,TRUE,3,45,2,1,3,wide rec,16,3,3,0.5,70,3,1,long rec,16,2,2,0.5,16,adam,0.01,100,150,550,0.913729441165924,0.8866142511367798,0.8562702298164367,0.9658232212066651,154.10453681945802,val_recall
15936,4,19,"hourofday,age,sex,temp,hr,acc,eda",30s,TRUE,57,60,2,1,3,wide rec,16,3,3,0.5,71,3,3,square,16,1,2,0.5,16,adam,0.01,100,150,596,0.9126040935516357,0.8810247421264649,0.8574547648429871,0.94772709608078,177.61314334869385,val_recall
17766,2,14,"hourofday,age,sex,acc,eda,temp",5min,FALSE,76,18,2,3,3,square,16,3,3,0.5,80,3,1,long rec,16,2,1,0,16,adam,0.01,100,150,98,0.917175579071045,0.9022655248641968,0.8555117130279541,0.9685632467269898,9.752603149414062,val_recall
17526,3,14,"hourofday,age,sex,acc,temp,eda",5min,FALSE,94,18,2,3,3,square,16,3,4,0.5,79,3,1,long rec,16,2,1,0,16,adam,0.01,100,150,50,0.9140464425086975,0.8981050014495849,0.8524121046066284,0.9645580887794495,9.661177587509155,val_recall
17331,1,14,"hourofday,age,sex,eda,acc,temp",5min,FALSE,94,18,2,3,3,square,16,3,4,0.5,78,1,3,wide rec,16,2,2,0,16,adam,0.01,100,150,11,0.9204492926597595,0.8951977729797364,0.8668028473854065,0.9691280484199524,8.81952223777771,val_recall
20496,4,14,"hourofday,age,sex,temp,acc,eda",5min,FALSE,101,18,2,1,5,wide rec,16,4,4,0.5,91,3,3,square,16,1,2,0.5,16,adam,0.01,100,150,644,0.9078073024749755,0.8818112969398498,0.8411031365394592,0.9554038405418396,9.659569549560548,val_recall
20736,5,14,"hourofday,age,sex,temp,acc,eda",5min,FALSE,101,18,2,1,5,wide rec,16,4,4,0.5,92,3,3,square,16,1,2,0.5,16,adam,0.01,100,150,692,0.9078073024749755,0.8818112969398498,0.8411031365394592,0.9554038405418396,9.709142923355103,val_recall
24051,2,19,"hourofday,age,sex,temp,acc,eda,hr",5min,TRUE,119,18,2,1,5,wide rec,16,4,5,0.5,107,1,3,wide rec,16,2,2,0,16,adam,0.01,100,150,491,0.9022757530212402,0.8997609138488769,0.818429696559906,0.9597739219665528,10.409223508834838,val_recall
24731,4,19,"hourofday,age,sex,temp,hr,acc,eda",5min,TRUE,1,12,2,1,1,square,16,3,3,0.5,110,1,3,wide rec,16,2,1,0,16,adam,0.01,100,150,627,0.8817419052124024,0.8958033323287964,0.7938766837120056,0.9588815093040466,8.765121698379517,val_recall
24251,3,19,"hourofday,age,sex,acc,hr,eda,temp",5min,TRUE,73,18,2,1,1,square,16,3,3,0.5,108,1,3,wide rec,16,2,1,0,16,adam,0.01,100,150,531,0.9303231477737427,0.8954500913619995,0.8908303499221801,0.9679479837417603,10.4153883934021,val_recall
22116,1,19,"hourofday,age,sex,eda,acc,temp,hr",5min,TRUE,12,12,2,3,3,square,16,5,3,0.5,99,3,3,square,16,1,2,0,16,adam,0.01,100,150,104,0.9207370519638062,0.8875200271606445,0.8716228365898132,0.9652860522270202,10.612885904312133,val_recall
22811,5,19,"hourofday,age,sex,hr,acc,eda,temp",5min,TRUE,37,15,2,1,1,square,16,3,3,0.5,102,1,3,wide rec,16,2,1,0,16,adam,0.01,100,150,243,0.9299182176589966,0.8775894165039062,0.9034482359886169,0.9636134147644043,11.332423067092895,val_recall
1461,3,14,"hourofday,age,sex,acc,temp,eda",1min,FALSE,138,75,2,3,5,wide rec,16,4,4,0.5,7,1,1,square,16,1,2,0,16,adam,0.01,100,150,293,0.889374566078186,0.7064457058906555,0.940927791595459,0.9497491002082825,53.674332523345946,val_precision
2661,2,14,"hourofday,age,sex,acc,eda,temp",1min,FALSE,60,60,2,3,5,wide rec,16,3,3,0.5,12,1,1,square,16,1,2,0,16,adam,0.01,100,150,533,0.8899113059043884,0.7115388154983521,0.9374410271644592,0.9419604063034057,42.19917860031128,val_precision
2001,4,14,"hourofday,age,sex,temp,acc,eda",1min,FALSE,150,75,2,3,5,wide rec,16,3,5,0.5,9,1,1,square,16,1,2,0.5,16,adam,0.01,100,150,401,0.92136549949646,0.8177621603012085,0.9287816286087036,0.9635429978370667,58.9872850894928,val_precision
2241,5,14,"hourofday,age,sex,temp,acc,eda",1min,FALSE,150,75,2,3,5,wide rec,16,3,5,0.5,10,1,1,square,16,1,2,0.5,16,adam,0.01,100,150,449,0.92136549949646,0.8177621603012085,0.9287816286087036,0.9635429978370667,59.934452056884766,val_precision
2401,1,14,"hourofday,age,sex,eda,acc,temp",1min,FALSE,41,45,2,1,5,wide rec,16,3,5,0.5,11,1,1,square,16,2,1,0,16,adam,0.01,100,150,481,0.905850350856781,0.7674189805984497,0.9249037265777588,0.9505423665046692,33.10864229202271,val_precision
5811,5,19,"hourofday,age,sex,hr,acc,eda,temp",1min,TRUE,124,75,2,3,3,square,16,5,3,0.5,27,1,3,wide rec,16,2,2,0,16,adam,0.01,100,150,299,0.8949964046478271,0.702925169467926,0.9667433381080628,0.9548440337181091,58.293968200683594,val_precision
6301,1,19,"hourofday,age,sex,eda,acc,temp,hr",1min,TRUE,147,75,2,1,3,wide rec,16,3,5,0.5,29,1,1,square,16,2,1,0.5,16,adam,0.01,100,150,397,0.9209595322608948,0.7957379341125488,0.9575628995895386,0.9538317918777466,71.07698221206665,val_precision
5141,2,19,"hourofday,age,sex,temp,acc,eda,hr",1min,TRUE,41,45,2,1,5,wide rec,16,3,5,0.5,24,1,1,square,16,2,2,0.5,16,adam,0.01,100,150,165,0.9092584133148194,0.7455248594284057,0.957036817073822,0.9444064617156982,54.26650891304016,val_precision
7521,4,19,"hourofday,age,sex,temp,hr,acc,eda",1min,TRUE,160,75,2,3,3,square,16,5,5,0.5,34,1,1,square,16,1,2,0.5,16,adam,0.01,100,150,641,0.9135509610176087,0.780023729801178,0.9494472503662109,0.9608559370040893,65.23742079734802,val_precision
5561,3,19,"hourofday,age,sex,acc,hr,eda,temp",1min,TRUE,101,60,2,1,5,wide rec,16,4,5,0.5,26,1,1,square,16,2,2,0,16,adam,0.01,100,150,249,0.9314421892166138,0.8287820100784302,0.9484858393669129,0.9663013100624085,62.43603048324585,val_precision
8641,1,14,"hourofday,age,sex,eda,acc,temp",30s,FALSE,155,75,2,1,5,wide rec,16,4,5,0.5,39,1,1,square,16,2,1,0,16,adam,0.01,100,150,1,0.9014620780944824,0.7594138622283936,0.9217152714729309,0.9560549259185791,98.83658289909363,val_precision
11531,2,14,"hourofday,age,sex,acc,eda,temp",30s,FALSE,138,75,2,3,5,wide rec,16,4,4,0.5,51,1,3,wide rec,16,2,1,0,16,adam,0.01,100,150,579,0.8887683510780334,0.725069522857666,0.9100277304649353,0.9437762856483459,107.17615666389466,val_precision
9121,3,14,"hourofday,age,sex,acc,temp,eda",30s,FALSE,47,45,2,1,5,wide rec,16,4,5,0.5,41,1,1,square,16,2,1,0,16,adam,0.01,100,150,97,0.8856240034103393,0.7149465799331665,0.9087635517120362,0.9256732225418091,63.76599354743958,val_precision
10581,4,14,"hourofday,age,sex,temp,acc,eda",30s,FALSE,119,75,2,1,5,wide rec,16,4,3,0.5,47,1,1,square,16,1,2,0,16,adam,0.01,100,150,389,0.9011689305305481,0.7742421627044678,0.9081631660461426,0.9405867576599121,109.14932861328126,val_precision
10821,5,14,"hourofday,age,sex,temp,acc,eda",30s,FALSE,119,75,2,1,5,wide rec,16,4,3,0.5,48,1,1,square,16,1,2,0,16,adam,0.01,100,150,437,0.9011689305305481,0.7742421627044678,0.9081631660461426,0.9405867576599121,112.37257599830627,val_precision
14401,5,19,"hourofday,age,sex,hr,acc,eda,temp",30s,TRUE,162,75,2,3,5,wide rec,16,5,5,0.5,65,1,1,square,16,2,1,0,16,adam,0.01,100,150,289,0.8651717662811279,0.5987123548984528,0.9690408349037171,0.9263253092765809,148.75469427108766,val_precision
15881,4,19,"hourofday,age,sex,temp,hr,acc,eda",30s,TRUE,57,60,2,1,3,wide rec,16,3,3,0.5,71,1,1,square,16,2,2,0,16,adam,0.01,100,150,585,0.9050425291061401,0.736234474182129,0.9508407950401306,0.9500924706459045,98.24215326309204,val_precision
15401,1,19,"hourofday,age,sex,eda,acc,temp,hr",30s,TRUE,3,45,2,1,3,wide rec,16,3,3,0.5,69,1,1,square,16,2,2,0,16,adam,0.01,100,150,489,0.8723079085350036,0.6532853960990905,0.9389454603195191,0.9337613463401795,105.87625484466552,val_precision
17061,3,19,"hourofday,age,sex,acc,hr,eda,temp",30s,TRUE,78,60,2,3,5,wide rec,16,3,4,0.5,76,1,1,square,16,1,2,0,16,adam,0.01,100,150,821,0.8800552368164063,0.6739066243171692,0.9370927810668945,0.9127813220024109,96.58588638305665,val_precision
16821,2,19,"hourofday,age,sex,temp,acc,eda,hr",30s,TRUE,50,45,2,3,1,long rec,16,5,5,0.5,75,1,1,square,16,1,2,0,16,adam,0.01,100,150,773,0.879645586013794,0.6827028512954711,0.9271585941314697,0.9260380148887635,57.35562434196472,val_precision
21441,1,14,"hourofday,age,sex,eda,acc,temp",5min,FALSE,78,18,2,3,5,wide rec,16,3,3,0.5,95,1,1,square,16,1,2,0.5,16,adam,0.01,100,150,833,0.931249451637268,0.8526067852973938,0.9314624428749084,0.9723443150520324,11.519217777252198,val_precision
18961,2,14,"hourofday,age,sex,acc,eda,temp",5min,FALSE,114,18,2,3,5,wide rec,16,3,5,0.5,85,1,1,square,16,2,1,0,16,adam,0.01,100,150,337,0.9264536499977112,0.8422122478485108,0.9265517234802246,0.9666609406471253,10.39926700592041,val_precision
19316,4,14,"hourofday,age,sex,temp,acc,eda",5min,FALSE,111,18,2,1,3,wide rec,16,3,5,0.5,86,3,3,square,16,2,2,0.5,16,adam,0.01,100,150,408,0.9225938796997071,0.8359445214271546,0.9227445363998413,0.9552857637405395,11.741182041168212,val_precision
19556,5,14,"hourofday,age,sex,temp,acc,eda",5min,FALSE,111,18,2,1,3,wide rec,16,3,5,0.5,87,3,3,square,16,2,2,0.5,16,adam,0.01,100,150,456,0.9225938796997071,0.8359445214271546,0.9227445363998413,0.9552857637405395,12.177084064483642,val_precision
18501,3,14,"hourofday,age,sex,acc,temp,eda",5min,FALSE,76,18,2,3,3,square,16,3,3,0.5,83,1,1,square,16,1,2,0,16,adam,0.01,100,150,245,0.9275922060012818,0.8503608345985413,0.9222527027130127,0.9686954259872437,9.987743186950684,val_precision
25001,1,19,"hourofday,age,sex,eda,acc,temp,hr",5min,TRUE,3,12,2,1,3,wide rec,16,3,3,0.5,111,1,1,square,16,2,2,0,16,adam,0.01,100,150,681,0.9049561977386474,0.7390321493148804,0.9707323431968689,0.9577364802360535,9.84207525253296,val_precision
22421,2,19,"hourofday,age,sex,temp,acc,eda,hr",5min,TRUE,113,18,2,1,5,wide rec,16,3,5,0.5,100,1,1,square,16,2,2,0.5,16,adam,0.01,100,150,165,0.900698435306549,0.7172800183296204,0.9670526862144471,0.9413479089736938,9.659257841110229,val_precision
25701,4,19,"hourofday,age,sex,temp,hr,acc,eda",5min,TRUE,125,18,2,1,5,wide rec,16,5,5,0.5,114,1,1,square,16,1,2,0,16,adam,0.01,100,150,821,0.9170666694641113,0.7799158215522766,0.9609933137893677,0.9516426682472229,12.253307437896728,val_precision
23081,3,19,"hourofday,age,sex,acc,hr,eda,temp",5min,TRUE,24,12,2,3,3,square,16,5,4,0.5,103,1,1,square,16,2,2,0,16,adam,0.01,100,150,297,0.8809514522552491,0.6799930989742279,0.9527876257896424,0.9488375425338745,10.001353979110718,val_precision
21701,5,19,"hourofday,age,sex,hr,acc,eda,temp",5min,TRUE,90,18,2,3,5,wide rec,16,5,3,0.5,97,1,1,square,16,2,2,0.5,16,adam,0.01,100,150,21,0.9103764414787292,0.7665110945701599,0.9514848232269287,0.9640544533729554,9.524633884429932,val_precision
